Fefco_Teil,ArtNr_Teil,ID_Druck,Druckflaeche,Bogen_Laenge_Brutto,Bogen_Breite_Brutto,Maschine,Ruestzeit_Ist,Ruestzeit_Soll,Laufzeit_Ist,Laufzeit_Soll,Zeit_Ist,Zeit_Soll,Werkzeug_Nutzen,Bestell_Nutzen,Menge_Soll,Menge_Ist,Bemerkung,LTermin,KndNr,Suchname,AKNR,TeilNr,SchrittNr,Start,Ende,Summe_Minuten,ID_Maschstatus,Maschstatus,Lieferdatum_Rohmaterial,BE_Erledigt
0413 man,10619,1,0.10,2501,656,SL-4,0,25,0,28,0,53,nan,1.0,1550,0,"Klischee Nr.: 753 B
Rahmengröße: 147 x 80 mm
Der Druck muss oben liegen
Die DB Paletten dürfen nicht zusammengebunden sein!
Druckfarbe: schwarz",2023-07-31 00:00:00+00:00,11523,PRUEM,147040,1,1,,,,,,2023-07-25 00:00:00+00:00,False
0201 G,40542,0,NaN,2006,558,SL12,0,20,0,15,0,35,nan,1.0,770,0,"
Keine Unterlieferung !
Max. Überlieferung 5 % !",2023-07-27 00:00:00+00:00,14509,CREODIS,147046,1,1,,,,,,2023-07-21 00:00:00+00:00,False
0110 Flachbett,38931,0,NaN,672,1165,SL10,0,35,0,15,0,50,1.0,1.0,1000,0,WKZ.-Nr.: 3225 (FBS),2023-07-31 00:00:00+00:00,16305,CONEN,147054,1,1,,,,,,2023-07-20 00:00:00+00:00,False
0110,14933,0,NaN,900,540,KR,0,10,0,58,0,68,nan,6.0,5004,0,auf wenig Staub achten! Die Zuschnitte müssen über die Kreisschere aufgeteilt werden!,2023-07-24 00:00:00+00:00,12072,THIES,147064,1,1,,,,,,2023-07-20 00:00:00+00:00,False
0201 G,17457,0,NaN,1651,609,SL-5,0,12,0,7,0,19,nan,1.0,340,0,"Nicht unterliefern, max. 3 % überliefern!

",2023-07-24 00:00:00+00:00,15537,BITTNER DISPLAY,147072,1,1,,,,,,2023-07-20 00:00:00+00:00,False
0201 G,30374,0,NaN,1003,527,SL-5,0,12,0,15,0,27,nan,1.0,800,0,"

",2023-07-24 00:00:00+00:00,14188,INAPA PACKAGING ,146952,1,1,,,,,,2023-07-19 00:00:00+00:00,False
0201 G,28423,1,0.10,4044,1697,SL-6,0,30,0,101,0,131,nan,1.0,1530,0,"Klischee-Nr.: 146
Druckfarbe Schwarz
Kundeneigene Pal.-Zettel verwenden! ",2023-07-31 00:00:00+00:00,15558,DUTCHBOXX,146956,1,1,,,,,,2023-07-21 00:00:00+00:00,False
0410 Q,35832,1,0.05,1999,1245,SL-8,0,50,0,153,0,203,nan,1.0,5080,0,"Druckfarbe : schwarz 
Klischee liegt in Kiste 18",2023-07-25 00:00:00+00:00,14670,BMG MOEBEL,145423,1,1,,,,,,2023-07-18 00:00:00+00:00,True
0200 H man,33421,1,0.10,3835,1313,SL-6,0,40,0,188,0,228,nan,1.0,3750,0,"Druckfarbe: schwarz
Klischee-Nr.: 323

mit gestanzter Ladeklappe
Teilwerkzeug-Nr.: 2778

45 Stück pro Palette

KEIN Sichtmuster !!",2023-07-24 00:00:00+00:00,11480,WFG,144794,1,1,,,,,,2023-07-18 00:00:00+00:00,False
0412 man,11521,1,0.02,2680,2020,SL-8,0,65,0,37,0,102,nan,1.0,250,0,"Teilwerkzeug-Nr. 1372 (2.teilig, nur die beiden Kopfstücke, Marbach)Druck : Nr. 609365, Druckfarbe schwarz
4 DB unterlegen
Achtung: die Laschen dürfen nicht gekürzt werden !!   
Pal. oben vollflächig mit neutr. Bogen abdecken
",2023-07-31 00:00:00+00:00,10960,THIELEMEYER GMBH,144985,1,1,,,,,,2023-07-24 00:00:00+00:00,False
0410 Q,23541,1,0.10,2107,977,SL-8,0,50,0,52,0,102,nan,1.0,1730,0,"Klischee in Kiste 18, Druckfarbe schwarz",2023-07-27 00:00:00+00:00,14670,BMG MOEBEL,145090,1,1,,,,,,2023-07-19 00:00:00+00:00,False
0110 ST,37162,0,NaN,935,2285,SL-4,0,30,0,28,0,58,1.0,1.0,500,0,WKZ.-Nr. 3108 im AKR,2023-07-31 00:00:00+00:00,14669,DELTA PACKAGING ,145115,1,1,,,,,,2023-07-21 00:00:00+00:00,False
0201 G man,11681,1,0.01,1575,1114,SL12,0,26,0,24,0,50,nan,1.0,3000,0,"Resy-Zeichen 0528
Druckfarbe: Schwarz ",2023-07-31 00:00:00+00:00,11290,MEYER,146093,1,1,,,,,,2023-07-18 00:00:00+00:00,False
0201 G man,40338,0,NaN,1761,440,SL-5,0,12,0,14,0,26,nan,1.0,1000,0,"Stückzahl genau !
Nicht unterliefern / Nicht überliefern.
Kundeneigene Palettenzettel verwenden!",2023-07-25 00:00:00+00:00,14506,GISSLER & PASS,146126,1,1,,,,,,2023-07-19 00:00:00+00:00,False
0203 T (S/T),32102,1,0.03,2124,1031,SL-6,0,30,0,8,0,38,nan,1.0,100,0,"Nr. Druck K9576 
Druckfarbe schwarz",2023-07-25 00:00:00+00:00,10911,STRUCK LEUCHTEN,146193,1,1,,,,,,2023-07-19 00:00:00+00:00,True
0200 T man,18356,1,0.01,1996,1489,SL-6,0,30,0,165,0,195,nan,1.0,5000,0,"Farbe: schwarz
Kl. Nr. 1062A 
RESY 0528 
PAP 20 in Kiste 6
Teilwerkzeuge Nr. 2121 verwwenden!
Tapeband mit Aufreissfaden verwenden!!
",2023-07-24 00:00:00+00:00,12954,SCHULTE CONRAD,146242,1,1,,,,,,2023-07-18 00:00:00+00:00,False
0110 ST,10226,1,0.40,2497,1523,SL-9,0,75,0,195,0,270,1.0,1.0,5000,0,"Rotationsstanzwkz-Nr.: 1992 hängt am SL9
Druckfarbe Cup&Cino schwarz
Klischee-Nr.: 17  
Nr.-Druck an SL 9 
AK-Nummer zusammensetzen!",2023-07-19 00:00:00+00:00,10495,KAIMANN,146286,1,1,,,,,,2023-07-10 00:00:00+00:00,True
0401 man,39258,0,NaN,1273,1045,SL-4,0,20,0,45,0,65,nan,1.0,895,0,"Auf exakte Rillmaße achten !!

Palettenzettel an beide Breitseiten anbringen

Keine Unterlieferung !
Max. Überlieferung 5 % !",2023-07-24 00:00:00+00:00,12212,KNAPPE,146378,1,1,,,,,,2023-07-18 00:00:00+00:00,True
0110 (WPA-Riller),40279,0,NaN,1420,1151,KR,0,10,0,27,0,37,nan,4.0,1552,0,"Über Kreisschere auftrennen !

Keine Unterlieferung !
Max. Überlieferung 5 % !",2023-07-27 00:00:00+00:00,14509,CREODIS,146447,1,1,,,,,,2023-07-21 00:00:00+00:00,False
0110 (WPA-Riller),38990,0,NaN,1010,536,HA,0,1,0,10,0,11,nan,1.0,1000,0,None,2023-07-31 00:00:00+00:00,15220,STOK,146577,1,1,,,,,,2023-07-20 00:00:00+00:00,False
0201 G man,32182,1,0.05,2968,1293,SL-6,0,30,0,10,0,40,nan,1.0,150,0,"Druckfarbe: schwarz

Resy-Zeichen: 0528

Interseroh-Zeichen (Vertrags-Nr. 27889)
liegt in Kiste 4
",2023-07-24 00:00:00+00:00,13949,WESTAFLEX,146623,1,1,,,,,,2023-07-17 00:00:00+00:00,False
0216 G man,10173,1,0.01,2063,765,SL12,0,26,0,108,0,134,nan,1.0,10000,0,"Werkzeug Nr. 2052 hängt an SL 2
(Am 05.09.2013 bei Marbach bestellt.)
Druckfarbe: egal
",2023-07-25 00:00:00+00:00,12610,MOELLERFLEX,146751,1,1,,,,,,2023-07-18 00:00:00+00:00,True
0413 man,12017,1,0.10,2501,706,SL-4,0,25,0,114,0,139,nan,1.0,6350,0,"Klischee Nr.: 753 B
Rahmengröße: 147 x 80 mm
Der Druck muss oben liegen
Die DB Paletten dürfen nicht zusammengebunden sein!
Druckfarbe: schwarz ",2023-07-25 00:00:00+00:00,11523,PRUEM,146800,1,1,,,,,,2023-07-18 00:00:00+00:00,True
0201 G,31687,0,NaN,2288,867,SL12,0,16,0,22,0,38,nan,1.0,2700,0,None,2023-07-27 00:00:00+00:00,14993,CUP UND CINO,145597,1,1,,,,,,2023-07-21 00:00:00+00:00,False
0110 Flachbett,28350,0,NaN,1160,685,SL10,0,35,0,150,0,185,2.0,1.0,20000,0,"Nummer genadelt

Werkzeug Nr. 2512
Rohwarenunterl. OK",2023-07-28 00:00:00+00:00,12954,SCHULTE CONRAD,145726,1,1,,,,,,2023-07-18 00:00:00+00:00,True
0950 man,26560,1,0.02,1275,1375,SL-8,0,50,0,16,0,66,nan,1.0,250,0,"NR. Druck 632593 (zusammensetzen) + Schneidschutzsymbol + Doppelpfeil
Druckfarbe: schwarz
DB-Pal. vollflächig mit Pappe abdecken! Der unterste Karton darf nicht beschädigt werden!Pal.oben vollflächig mit neutralen Bogen abdecken",2023-07-31 00:00:00+00:00,10960,THIELEMEYER GMBH,144987,1,1,,,,,,2023-07-24 00:00:00+00:00,False
0203 G man,30971,0,NaN,1994,863,SL-6,0,35,0,99,0,134,nan,1.0,3000,0,Teilwerkzeug-Nr.: 2656 hängt am SL6 ,2023-07-31 00:00:00+00:00,12635,LAUFER,145113,1,1,,,,,,2023-07-24 00:00:00+00:00,False
0110 B,15349,0,NaN,800,400,Säge,0,5,0,600,0,605,nan,10.0,20000,0,"Werden in Kartons gepackt!
2 x 5000 Stück, Kartons übereinander auf Palette ",2023-07-31 00:00:00+00:00,10369,GRAUTHOFF RIETBERG ,145832,1,2,,,,,,2023-07-24 00:00:00+00:00,False
0410 H,28494,0,NaN,1318,1121,SL-4,0,20,0,21,0,41,nan,1.0,385,0,Überlieferung max. 5 Stück!,2023-07-25 00:00:00+00:00,12270,KNUEBEL,146098,1,1,,,,,,2023-07-18 00:00:00+00:00,True
0110 ST,25082,1,0.05,2152,1469,SL-9,0,35,0,1100,0,1135,2.0,1.0,100000,0,"KL bei SL9, Farbe schwarz, 30 mm von rechts beginnend, Nr. unter Ikea CB20 immer neu bestellen! JosefSchulte-JahrWoche=JS-1817!WKZ-Nr. 2312 48m, 48n immer vom Schichtführer abnehmen lassen! DB! Pal-Z. links anbringen!",2023-07-31 00:00:00+00:00,10996,FORMAPLAN,146122,1,1,,,,,,2023-07-24 00:00:00+00:00,False
0201 G,34873,0,NaN,752,1172,SL-2,0,18,0,160,0,178,nan,1.0,5000,0,"(Gluelasche quetschen)
Cartoflex Pal.-Zettel verwenden.
Pal. oben vollflächig mit neutr. Bogen abdecken",2023-07-24 00:00:00+00:00,11334,CARTOFLEX,146282,1,1,,,,,,2023-07-19 00:00:00+00:00,True
0201 G,32474,1,0.05,1811,474,SL-5,0,20,0,8,0,28,nan,1.0,500,0,"Druckfarbe: schwarz

Mit Nr.-Druck  177  (zusammensetzen)

Resy-Zeichen: 0528

Interseroh-Zeichen (Vertrags-Nr. 27889)
liegt beim SL 5
(am 24.08.2020 bei Weichert best.)",2023-07-24 00:00:00+00:00,13949,WESTAFLEX,146300,1,1,,,,,,2023-07-17 00:00:00+00:00,False
0201 G,27292,1,0.01,1303,566,SL-5,0,20,0,15,0,35,nan,1.0,800,0,"Druck: RESY 11006
Druckfarbe: Schwarz
Auf einwandfreie Verklebung achten!! 
Paletten müssen mit stabiler Pappe vollflächig abgedeckt werden!!! Keine Unterlieferung / max. 10 % Überlieferung
",2023-07-26 00:00:00+00:00,12389,DS SMITH PADERBORN,146337,1,1,,,,,,2023-07-19 00:00:00+00:00,True
0203 G,18106,1,0.02,971,972,SL-2,0,40,0,23,0,63,nan,1.0,500,0,"GEGLUED UND GETAPED!! 
Druckfarbe schwarz
",2023-07-24 00:00:00+00:00,10248,FORTMEIER,146431,1,1,,,,,,2023-07-17 00:00:00+00:00,False
0201 G man,40278,1,0.05,3338,601,SL-6,0,30,0,51,0,81,nan,1.0,1550,0,"Druckfarbe: schwarz
Klischee ""Hier öffnen !"" liegt in Kiste 14
(am 11.01.2022 bei Weichert best.)

Doppelpfeile (70x100 mm) und Glassymbol liegen an der Maschine !

Druckabstand jew. 50 mm

Keine Unterlieferung !
Max. Überlieferung 5 % !",2023-07-27 00:00:00+00:00,14509,CREODIS,146445,1,1,,,,,,2023-07-21 00:00:00+00:00,False
0201 G,17527,0,0.00,1788,712,SL12,0,20,0,12,0,32,nan,1.0,500,0,None,2023-07-24 00:00:00+00:00,10744,REMKO,146960,1,1,,,,,,2023-07-18 00:00:00+00:00,True
0201 G,16309,1,0.01,533,360,SL-5,0,20,0,63,0,83,nan,1.0,9000,0,"Druckfarbe schwarz
Klischee Nr. 416
Palettenzettel vom Kunden verwenden!
An der Maschine einstretchen und unbedingt Unterbogen an der Maschine legen",2023-07-24 00:00:00+00:00,12403,KOETTER,146680,1,1,,,,,,2023-07-18 00:00:00+00:00,True
0110 (WPA-Riller),14844,0,NaN,910,250,HA,0,1,0,302,0,303,nan,1.0,20160,0,"3 Stapel a 420 Stück = 1260 Stück p. Pal.
Pal. oben vollflächig mit neutr. Bogen abdecken.",2023-07-26 00:00:00+00:00,12718,HEDENKAMP,146686,1,1,,,,,,2023-07-19 00:00:00+00:00,True
0110 B man,11104,0,NaN,780,1970,HA,0,1,0,30,0,31,nan,1.0,1500,0,Palettierung einhalten (max 1.00 mtr. incl. Palette) ,2023-07-31 00:00:00+00:00,10248,FORTMEIER,145193,1,1,,,,,,2023-07-20 00:00:00+00:00,False
0201 T (S/T),11281,1,0.02,4008,712,SL-6,0,30,0,8,0,38,nan,1.0,100,0,"Druck : Nr. 624767, ""OBEN"" und Doppelpfeile auf einer Breitseite
Druckfarbe : schwarz 

DB-Pal. vollflächig mit Pappe abdecken! Der unterste Karton darf nicht beschädigt werden!
Pal. oben vollflächig mit neutr. Bogen abdecken",2023-07-31 00:00:00+00:00,10960,THIELEMEYER GMBH,144984,1,1,,,,,,2023-07-24 00:00:00+00:00,False
0950 man,26560,1,0.02,1275,1375,RITZ,0,20,0,30,0,50,nan,1.0,250,0,"NR. Druck 632593 (zusammensetzen) + Schneidschutzsymbol + Doppelpfeil
Druckfarbe: schwarz
DB-Pal. vollflächig mit Pappe abdecken! Der unterste Karton darf nicht beschädigt werden!Pal.oben vollflächig mit neutralen Bogen abdecken",2023-07-31 00:00:00+00:00,10960,THIELEMEYER GMBH,144987,1,2,,,,,,2023-07-24 00:00:00+00:00,False
0410 Q,23540,1,0.10,2065,914,SL-8,0,50,0,43,0,93,nan,1.0,1425,0,"Klischee in Kiste 18, Druckfarbe schwarz",2023-07-27 00:00:00+00:00,14670,BMG MOEBEL,145089,1,1,,,,,,2023-07-19 00:00:00+00:00,True
0110 K,22353,0,NaN,1180,950,Kasc,0,20,0,147,0,167,nan,1.0,500,0,"BEIDSEITIG KASCHIERT!!!!
Zellstoff kann überstehen

",2023-07-31 00:00:00+00:00,14313,GRAEPEL,146083,1,2,,,,,,2023-07-17 00:00:00+00:00,True
0203 G,28250,1,0.03,2584,1031,SL-2,0,28,0,13,0,41,nan,1.0,200,0,"Nr. Druck K9577 

Druckfarbe schwarz",2023-07-25 00:00:00+00:00,10911,STRUCK LEUCHTEN,146192,1,1,,,,,,2023-07-19 00:00:00+00:00,False
0410 H,38322,1,0.05,1004,1003,SL-8,0,50,0,22,0,72,nan,1.0,622,0,"Klischee in Kiste 18
Druckfarbe schwarz",2023-07-27 00:00:00+00:00,14670,BMG MOEBEL,146301,1,1,,,,,,2023-07-19 00:00:00+00:00,False
0201 G,38965,0,NaN,1533,627,SL-5,0,12,0,44,0,56,nan,1.0,4000,0,None,2023-07-24 00:00:00+00:00,12376,GUNDLACH,146321,1,1,,,,,,2023-07-17 00:00:00+00:00,False
0201 G,25446,1,0.03,1433,513,SL-5,0,20,0,13,0,33,nan,1.0,800,0,"RESY 0528 
Druckfarbe: Schwarz
 
Pal. oben vollflächig mit neutr. Bogen abdecken.",2023-07-26 00:00:00+00:00,12718,HEDENKAMP,146354,1,1,,,,,,2023-07-20 00:00:00+00:00,False
0203 G,18106,1,0.02,971,972,Tape,0,15,0,70,0,85,nan,1.0,500,0,"GEGLUED UND GETAPED!! 
Druckfarbe schwarz
",2023-07-24 00:00:00+00:00,10248,FORTMEIER,146431,1,2,,,,,,2023-07-17 00:00:00+00:00,False
0110,36107,0,NaN,1000,1250,KR,0,10,0,22,0,32,nan,5.0,1550,0,"Über Kreisschere auftrennen !

Keine Unterlieferung !
Max. Überlieferung 5 % !",2023-07-27 00:00:00+00:00,14509,CREODIS,146446,1,1,,,,,,2023-07-21 00:00:00+00:00,False
0200 H man,28194,1,0.01,3976,1003,SL-6,0,40,0,585,0,625,nan,1.0,11700,0,"Druckfarbe schwarz
Klischee 921C 
Werkzeug 2502 hängt am SL 6 
Die Paletten müssen unbedingt zentrisch (gleiche Überstände an allen Seiten) untergelegt werden.
Palettenzettel vom Kunden!",2023-07-20 00:00:00+00:00,12439,FRIEDRICH,146532,1,1,,,,,,2023-07-19 00:00:00+00:00,False
0200 H man,28194,1,0.01,3976,1003,SL-6,0,40,0,585,0,625,nan,1.0,11700,0,"Druckfarbe schwarz
Klischee 921C 
Werkzeug 2502 hängt am SL 6 
Die Paletten müssen unbedingt zentrisch (gleiche Überstände an allen Seiten) untergelegt werden.
Palettenzettel vom Kunden!",2023-07-26 00:00:00+00:00,12439,FRIEDRICH,146546,1,1,,,,,,2023-07-24 00:00:00+00:00,False
0200 G,39046,0,NaN,2116,1123,SL12,0,16,0,9,0,25,nan,1.0,1000,0,None,2023-07-31 00:00:00+00:00,15220,STOK,146576,1,1,,,,,,2023-07-20 00:00:00+00:00,False
0201 G,18759,1,0.10,3204,971,SL-6,0,30,0,20,0,50,nan,1.0,600,0,"Druckfarbe HKS 47
Klischee Nr. 413 A Druckbildgröße ca. 340 x 180 mm

",2023-07-24 00:00:00+00:00,12539,FOS,146662,1,1,,,,,,2023-07-14 00:00:00+00:00,True
0413 man,30384,0,NaN,1253,991,SL-4,0,20,0,18,0,38,nan,1.0,1000,0,Laschen kürzen auf 150 mm ,2023-07-31 00:00:00+00:00,15442,KVMR,146681,1,1,,,,,,2023-07-20 00:00:00+00:00,False
0452 man,11889,1,0.02,737,1195,SL-4,0,25,0,27,0,52,nan,1.0,1500,0,"Druck : Nr. 01062
Druckfarbe : schwarz 

Messer nach außen setzen!",2023-07-27 00:00:00+00:00,10304,SEDUS,146715,1,1,,,,,,2023-07-20 00:00:00+00:00,True
0201 G,11166,1,0.02,615,302,SL-5,0,20,0,179,0,199,nan,1.0,25600,0,"Druckfarbe : schwarz 
4-fach umreifen (2xquer und 2xlängs) ",2023-07-27 00:00:00+00:00,12613,SCHMEES,145491,1,1,,,,,,2023-07-18 00:00:00+00:00,True
0201 T (S/T),20063,1,0.03,1668,952,SL-6,0,30,0,10,0,40,nan,1.0,130,0,"Druck: Nummerndruck 628287 auf eine Deckelinnenklappe, ""OBEN"" und Doppelpfeile auf eine Breitseite

DB-Pal. vollflächig mit Pappe abdecken! Der unterste Karton darf nicht beschädigt werden
Pal. oben vollflächig mit neutr. Bogen abdecken.",2023-07-31 00:00:00+00:00,10960,THIELEMEYER GMBH,144986,1,1,,,,,,2023-07-24 00:00:00+00:00,False
0410 H,30588,1,0.05,1054,1425,SL-8,0,50,0,12,0,62,nan,1.0,255,0,"Druckfarbe : schwarz 
Klischee liegt in Kiste 18",2023-07-27 00:00:00+00:00,14670,BMG MOEBEL,145091,1,1,,,,,,2023-07-19 00:00:00+00:00,False
0110 B,15349,0,NaN,800,400,Säge,0,5,0,120,0,125,nan,10.0,10000,0,"Werden in Kartons gepackt!
2 x 5000 Stück, Kartons übereinander auf Palette ",2023-07-31 00:00:00+00:00,10369,GRAUTHOFF RIETBERG ,145832,1,1,,,,,,2023-07-24 00:00:00+00:00,False
0201 G man,11682,1,0.02,2775,1084,SL-2,0,28,0,16,0,44,nan,1.0,1000,0,"Resy-Zeichen
Druckfarbe: schwarz",2023-07-31 00:00:00+00:00,11290,MEYER,146094,1,1,,,,,,2023-07-18 00:00:00+00:00,True
0201 T (S/T),35873,1,0.05,2718,686,SL-6,0,30,0,8,0,38,nan,1.0,100,0,"Druckfarbe schwarz
Pal.oben vollflächig mit neutralen Bogen abdecken",2023-07-31 00:00:00+00:00,10960,THIELEMEYER GMBH,146168,1,1,,,,,,2023-07-21 00:00:00+00:00,False
0110 ST,10226,1,0.40,2497,1523,HA,0,0,0,0,0,0,1.0,1.0,5000,0,"Rotationsstanzwkz-Nr.: 1992 hängt am SL9
Druckfarbe Cup&Cino schwarz
Klischee-Nr.: 17  
Nr.-Druck an SL 9 
AK-Nummer zusammensetzen!",2023-07-19 00:00:00+00:00,10495,KAIMANN,146286,1,2,,,,,,2023-07-10 00:00:00+00:00,True
0410 H,40452,1,0.05,720,1547,SL-8,0,50,0,22,0,72,nan,1.0,250,0,"Klischee in Kiste 18

Druckfarbe schwarz",2023-07-25 00:00:00+00:00,14670,BMG MOEBEL,146567,1,1,,,,,,2023-07-17 00:00:00+00:00,False
0200 G,38989,0,NaN,2102,1277,SL-6,0,25,0,33,0,58,nan,1.0,1000,0,None,2023-07-31 00:00:00+00:00,15220,STOK,146578,1,1,,,,,,2023-07-20 00:00:00+00:00,True
0201 G,15143,1,0.01,2013,621,SL12,0,26,0,15,0,41,nan,1.0,400,0,"RESY Nr. 0528 
Druckfarbe: egal",2023-07-25 00:00:00+00:00,12527,BOELA,146676,1,1,,,,,,2023-07-19 00:00:00+00:00,True
0501 H,18526,1,0.01,4036,1070,SL-6,0,30,0,36,0,66,nan,1.0,360,0,"Mit Nummerndruck: 34493
Druckfarbe: schwarz
oben und unten komplett mit Pappe abdecken  !!
",2023-07-19 00:00:00+00:00,14259,ROB LOGISTIK,146683,1,1,,,,,,2023-07-19 00:00:00+00:00,True
0201 G,29190,1,0.10,2984,977,SL-2,0,28,0,20,0,48,nan,1.0,300,0,"Klischee-Nr. 940 (Einzelteile)
Teile-Nr. :  409073
Druckfarbe: Schwarz ",2023-07-26 00:00:00+00:00,12599,JAKA,146740,1,1,,,,,,2023-07-19 00:00:00+00:00,True
0201 G,10658,1,0.05,2904,989,SL-2,0,28,0,19,0,47,nan,1.0,600,0,"Klischee-Nr.: 940
Druckfarbe: Schwarz
100 Stück pro Pal.
",2023-07-26 00:00:00+00:00,12599,JAKA,146742,1,1,,,,,,2023-07-19 00:00:00+00:00,True
0201 G,33091,1,0.05,2179,526,SL12,0,26,0,14,0,40,nan,1.0,520,0,"Griffloch-AN-Stanzung in den Breitseiten, 70 mm von oberer Rillung beginnend, mittig!

Druck: Resy-Zeichen 0480
Druckfarbe schwarz",2023-07-26 00:00:00+00:00,12635,LAUFER,146781,1,1,,,,,,2023-07-19 00:00:00+00:00,False
0201 G,33024,0,NaN,4068,1612,SL-6,0,25,0,25,0,50,nan,1.0,250,0,None,2023-07-24 00:00:00+00:00,12230,PACK U PAPIER,146789,1,1,,,,,,2023-07-14 00:00:00+00:00,True
0413 man,10312,1,0.10,2376,776,SL-4,0,25,0,288,0,313,nan,1.0,16000,0,"Klischee Nr.: 753 B
Rahmengröße: 147 x 80 mm
Der Druck muss oben liegen
Die DB Paletten dürfen nicht zusammengebunden sein!
Druckfarbe: schwarz ",2023-07-24 00:00:00+00:00,11523,PRUEM,146797,1,1,,,,,,2023-07-18 00:00:00+00:00,True
0110 Flachbett,37177,1,0.01,915,1130,SL10,0,50,0,63,0,113,1.0,1.0,4180,0,"Druck: ""ZNFB1A1"" (Kiste 3)
Druckfarbe: Schwarz
WKZ-Nr. 3109 (FBS)

KEINE Restpalette!",2023-07-25 00:00:00+00:00,14669,DELTA PACKAGING ,146805,1,1,,,,,,2023-07-17 00:00:00+00:00,True
0950 man,26437,0,NaN,1158,500,RITZ,0,20,0,60,0,80,nan,2.0,1000,0,2-Nutzen mit Trennung in einem Arbeitsgang! alle 50 mm wechselseitig geritzt! 360 Stück pro Palette,2023-07-27 00:00:00+00:00,10304,SEDUS,146714,1,1,,,,,,2023-07-20 00:00:00+00:00,False
0412 man,40002,1,0.03,1028,1430,SL-8,0,70,0,36,0,106,nan,1.0,1200,0,"Kopfstücke gestanzt Automatenverpackung
Werkzeug-Nr. 3293 SL 9
Werkzeug für 2 versch. Artikel
Klischee-Nr. 570 SL 9
Farbe : Schwarz 
Palettierung siehe Klischeezeichng.   
300 Stück pro Palette einhalten",2023-07-26 00:00:00+00:00,12599,JAKA,146743,1,1,,,,,,2023-07-19 00:00:00+00:00,False
0201 G man,13728,1,0.10,2808,1081,SL12,0,30,0,10,0,40,nan,1.0,1080,0,"Klischee-Nr. 1127 A
Druckfarbe schwarz",2023-07-31 00:00:00+00:00,12505,VOGT,146773,1,1,,,,,,2023-07-21 00:00:00+00:00,False
0201 GT man,27235,0,0.00,2668,969,SL-6,0,30,0,16,0,46,nan,1.0,500,0,None,2023-07-26 00:00:00+00:00,12635,LAUFER,146782,1,1,,,,,,2023-07-19 00:00:00+00:00,False
0452,33025,0,NaN,1515,1122,SL-4,0,20,0,19,0,39,nan,1.0,250,0,None,2023-07-24 00:00:00+00:00,12230,PACK U PAPIER,146790,1,1,,,,,,2023-07-14 00:00:00+00:00,True
0413 man,13340,1,0.10,2501,986,SL-4,0,25,0,28,0,53,nan,1.0,1550,0,"Klischee Nr.: 753 B
Rahmengröße: 147 x 80 mm
Der Druck muss oben liegen
Die DB Paletten dürfen nicht zusammengebunden sein!
Druckfarbe: schwarz",2023-07-24 00:00:00+00:00,11523,PRUEM,146798,1,1,,,,,,2023-07-18 00:00:00+00:00,True
0201 T (S/T),23904,1,0.05,3458,872,SL-6,0,30,0,8,0,38,nan,1.0,100,0,"Druckfarbe: Blau Pantone 287   (braune AD)

Klischee-Nr.: 1191 A   (6 mm)
Druck mittig auf beide Längsseiten

Klischee-Nr.: 1191 B   (Symbole)
Druckabstand vom Riller jew. 20 mm !",2023-07-28 00:00:00+00:00,10053,BOCK,146819,1,1,,,,,,2023-07-21 00:00:00+00:00,False
0201 G,18605,0,NaN,2668,922,SL12,0,20,0,19,0,39,nan,1.0,780,0,None,2023-07-31 00:00:00+00:00,12702,MBE,146833,1,1,,,,,,2023-07-21 00:00:00+00:00,False
0201 G man,38079,1,1.00,1982,597,SL12,0,30,0,8,0,38,nan,1.0,1000,0,"Druckfarbe: Grau Pantone 425 U  (weiße AD)
Klischee-Nr.: 1580
(am 15.09.2020 von WFG gestellt)

Werkzeug-Nr. 1525  (Riller!)

300 Stück pro Pal. (kein Überstand!)
Ein Sichtmuster an jede Pal. anbringen

Keine Unterlief., max. Überlief. 5 % !",2023-07-24 00:00:00+00:00,11480,WFG,146840,1,1,,,,,,2023-07-18 00:00:00+00:00,True
0201 G,33954,1,0.10,1878,462,SL12,0,30,0,22,0,52,nan,1.0,900,0,"Druckfarbe: Blau Pantone 7470 C   (braune AD)

Klischee-Nr.: 1323 A   (6 mm)
(am 17.10.2022 bei Weichert best.)

Druck mittig auf beide Längsseiten",2023-07-24 00:00:00+00:00,12311,EMPTMEYER,146856,1,1,,,,,,2023-07-19 00:00:00+00:00,True
0701 G,35754,0,NaN,1443,962,FKM,0,120,0,252,0,372,1.0,1.0,2800,0,"Werkzeug-Nr. 3029 (SL10)
mit Selbstklebestreifen!


",2023-07-31 00:00:00+00:00,15211,NORDSET,146859,1,2,,,,,,2023-07-18 00:00:00+00:00,False
0110 Flachbett,40493,0,NaN,750,1390,SL10,0,35,0,20,0,55,3.0,1.0,2001,0,"Stanzwerkzeug-Nr.: 3332 (SL10, Marbach)


",2023-07-27 00:00:00+00:00,10304,SEDUS,146865,1,1,,,,,,2023-07-13 00:00:00+00:00,True
0421,21086,1,0.10,561,870,SL-4,0,35,0,22,0,57,2.0,1.0,1200,0,"Stanzwerkzeug-Nr. 1575 im AKR
Klischee-Nr.: 877 A 
Druckfarbe: Schwarz",2023-07-31 00:00:00+00:00,12272,MKS,146869,1,1,,,,,,2023-07-25 00:00:00+00:00,False
0201 G,40496,0,NaN,1183,468,SL-5,0,12,0,6,0,18,nan,1.0,250,0,"Kartonagen dürfen nicht beschädigt sein. Bündel nicht zu fest
Unterlegbogen verwenden ! 
Paletten oben abdecken
max.10% über.-und unterliefern
Palette einstretchen ! 
Pal.-Zettel v.Gissler verwenden  ",2023-07-26 00:00:00+00:00,14506,GISSLER & PASS,146873,1,1,,,,,,2023-07-17 00:00:00+00:00,False
0110 Flachbett,38787,0,NaN,760,1026,SL10,0,35,0,30,0,65,1.0,1.0,2000,0,WKZ.-Nr.: 3210 (FBS),2023-07-24 00:00:00+00:00,16305,CONEN,146895,1,1,,,,,,2023-07-18 00:00:00+00:00,False
0201 H,29250,0,NaN,1940,931,SL-6,0,25,0,45,0,70,nan,1.0,600,0,None,2023-07-25 00:00:00+00:00,12630,INTRAPEC,146912,1,1,,,,,,2023-07-19 00:00:00+00:00,False
0110 Flachbett,40396,1,0.50,833,1091,SL10,0,50,0,15,0,65,1.0,1.0,1000,0,"Klischee-Nr. 111A f.SL10
Druckfarbe: PMS 286 U (blau) für weiße Aussendecke
Werkzeug-Nr. 3325 für SL 10
Kundeneigene Pal.-Zettel

",2023-07-17 00:00:00+00:00,15956,PETERS WELLKISTEN,146821,1,1,,,,,,2023-07-12 00:00:00+00:00,True
0201 T (S/T),40492,1,0.01,3028,622,SL-6,0,30,0,10,0,40,nan,1.0,150,0,"Druckfarbe egal

RESY 0528 verwenden",2023-07-24 00:00:00+00:00,12230,PACK U PAPIER,146850,1,1,,,,,,2023-07-17 00:00:00+00:00,True
0201 G,31406,1,0.10,1473,462,SL-5,0,20,0,44,0,64,nan,1.0,4050,0,"Druckfarbe: Blau Pantone 7470 C   (braune AD)

Klischee-Nr.: 140 A   (4 mm)
(am 10.09.2020 bei Weichert best.)

Druck mittig auf beide Längsseiten",2023-07-24 00:00:00+00:00,12311,EMPTMEYER,146854,1,1,,,,,,2023-07-19 00:00:00+00:00,True
0201 G,31747,1,0.10,2678,462,SL-2,0,28,0,19,0,47,nan,1.0,1080,0,"Druckfarbe: Blau Pantone 7470 C   (braune AD)

Klischee-Nr.: 1323 A   (6 mm)
(am 17.10.2022 bei Weichert best.)

Druck mittig auf beide Längsseiten",2023-07-24 00:00:00+00:00,12311,EMPTMEYER,146858,1,1,,,,,,2023-07-18 00:00:00+00:00,False
0410 H,25415,1,0.10,1212,1503,SL-8,0,50,0,72,0,122,nan,1.0,1200,0,"Klischee-Nr. 1210 A, Nr.-Druck 3523-2 auf eine Innenklappe, Druckfarbe Germania Blau, 300 St./Pal.

2 Polster/Verpackung
WP zu GW3523_2,  86 x 440 x 4  mm, #32722 muss 5 AT vorher bei Germania angeliefert werden!  

2 Stück mehr pro Palette!",2023-07-25 00:00:00+00:00,10311,GERMANIA,146862,1,1,,,,,,2023-07-20 00:00:00+00:00,True
0203 G,34938,1,0.05,2866,761,SL-2,0,28,0,18,0,46,nan,1.0,300,0,"Klischee-Nr.: 402 

Druckfarbe schwarz

100 Stück pro Stapel",2023-07-20 00:00:00+00:00,10304,SEDUS,146867,1,1,,,,,,2023-07-17 00:00:00+00:00,False
0110 ST,15942,1,0.10,642,601,SL-4,0,35,0,22,0,57,1.0,1.0,1200,0,"Stanzwerkzeug-Nr. 1582 
Klischee-Nr. 298 A, Druckfarbe schwarz
Stückgenau ausliefern!",2023-07-31 00:00:00+00:00,12272,MKS,146870,1,1,,,,,,2023-07-25 00:00:00+00:00,False
0110 ST,18442,0,NaN,1400,810,SL-4,0,30,0,106,0,136,4.0,1.0,16800,0,"Werkzeug-Nr. 2129 hängt am SL4
4 Nutzen mit Haltenasen (zum leichten abreißen) verbunden;  werden vom Kunden getrennt.
Längs und Quer umreifen",2023-07-31 00:00:00+00:00,12954,SCHULTE CONRAD,146882,1,1,,,,,,2023-07-24 00:00:00+00:00,False
0201 H man,36777,1,0.10,3976,1387,SL-6,0,30,0,38,0,68,nan,1.0,500,0,"Klischee-Nr.: 905 A 

Druckfarbe schwarz

60 Stück pro Stapel",2023-07-24 00:00:00+00:00,12576,DIBELLA,146885,1,1,,,,,,2023-07-17 00:00:00+00:00,True
0201 G,40495,1,0.04,2828,882,SL12,0,30,0,14,0,44,nan,1.0,600,0,"Nummerndruck (zusammensetzen)
Druckfarbe: egal",2023-07-24 00:00:00+00:00,14188,INAPA PACKAGING ,146909,1,1,,,,,,2023-07-17 00:00:00+00:00,False
0110 ST,12767,1,0.25,2983,636,SL-4,0,35,0,24,0,59,1.0,1.0,1320,0,"Werkzeug-Nr. 1599  hängt am SL4, 1 Stapel pro Palette, Klischee-Nr. 239, Druckfarbe schwarz

Einstecklaschen nicht quetschen!
Durch Schichtführer abnehmen lassen!",2023-07-25 00:00:00+00:00,12313,PRINZ,146917,1,1,,,,,,2023-07-18 00:00:00+00:00,True
0427,39461,2,0.25,969,1107,SL-4,0,40,0,14,0,54,1.0,1.0,200,0,"Klischee-Nr. 1063 B (für SL 4) 
Druckfarbe: Schwarz und Blau HKS 44 für weiße Aussendecke
Werkzeug-Nr. 2109 hängt SL4

Druckbildänderung: Recyclingsymbole bei Weichert bestellt, direkt von Bunkus, Montage bei uns!",2023-07-24 00:00:00+00:00,12938,BUNKUS,146924,1,1,,,,,,2023-07-18 00:00:00+00:00,False
0427,40502,0,NaN,1653,1622,SL-8,0,50,0,60,0,110,1.0,1.0,1000,0,"Werkzeug-Nr. 3333 für SL 8

",2023-07-24 00:00:00+00:00,14270,INTERCHIC,146928,1,1,,,,,,2023-07-19 00:00:00+00:00,False
0201 GT man,17963,1,0.03,1988,771,SL-6,0,30,0,18,0,48,nan,1.0,360,0,"WKZ-Nr.: 1282 (hängt am SL6)
",2023-07-24 00:00:00+00:00,13251,SIEPMANN,146935,1,1,,,,,,2023-07-14 00:00:00+00:00,True
0410 H,27351,0,NaN,2983,1750,SRE2,0,15,0,80,0,95,nan,1.0,200,0,Handgriff-AN-stanzungen 40x100mm mittig auf die Schmalseiten! ,2023-07-31 00:00:00+00:00,15442,KVMR,146947,1,1,,,,,,2023-07-21 00:00:00+00:00,False
0110 Flachbett,40444,1,0.10,939,822,SL10,0,50,0,25,0,75,12.0,1.0,10008,0,"Klischee-Nr. 108 B
Druckfarbe: Schwarz
Werkzeug-Nr.3324 f.SL 10

",2023-07-31 00:00:00+00:00,15443,KAJADO,146827,1,1,,,,,,2023-07-20 00:00:00+00:00,False
0201 G,31405,1,0.10,1273,462,SL-5,0,20,0,86,0,106,nan,1.0,10260,0,"Druckfarbe: Blau Pantone 7470 C   (braune AD)

Klischee-Nr.: 140 A   (4 mm)
(am 10.09.2020 bei Weichert best.)

Druck mittig auf beide Längsseiten",2023-07-24 00:00:00+00:00,12311,EMPTMEYER,146855,1,1,,,,,,2023-07-18 00:00:00+00:00,False
0701 G,35754,0,NaN,1443,962,SL10,0,35,0,42,0,77,1.0,1.0,2800,0,"Werkzeug-Nr. 3029 (SL10)
mit Selbstklebestreifen!


",2023-07-31 00:00:00+00:00,15211,NORDSET,146859,1,1,,,,,,2023-07-18 00:00:00+00:00,False
0110 ST,15942,1,0.10,642,601,HA,0,1,0,36,0,37,1.0,1.0,1200,0,"Stanzwerkzeug-Nr. 1582 
Klischee-Nr. 298 A, Druckfarbe schwarz
Stückgenau ausliefern!",2023-07-31 00:00:00+00:00,12272,MKS,146870,1,2,,,,,,2023-07-25 00:00:00+00:00,False
0421,38786,0,NaN,1982,949,SL-4,0,30,0,25,0,55,1.0,1.0,1000,0,WKZ.-Nr.: 3214 im AKR (SL4),2023-07-24 00:00:00+00:00,16305,CONEN,146894,1,1,,,,,,2023-07-18 00:00:00+00:00,False
0110 ST,12767,1,0.25,2983,636,HA,0,5,0,0,0,5,1.0,1.0,1320,0,"Werkzeug-Nr. 1599  hängt am SL4, 1 Stapel pro Palette, Klischee-Nr. 239, Druckfarbe schwarz

Einstecklaschen nicht quetschen!
Durch Schichtführer abnehmen lassen!",2023-07-25 00:00:00+00:00,12313,PRINZ,146917,1,2,,,,,,2023-07-18 00:00:00+00:00,True
0201 H man,34591,0,NaN,2112,931,SL-6,0,25,0,135,0,160,nan,1.0,2700,0,"LOHNARBEIT das Material wird von Wellit angeliefert!
Druckfarbe schwarz
Voll-Werkzeug Nr. 2992 (SL6) 
Klischee Nr. 397A  (von Wellit angeliefert)",2023-07-27 00:00:00+00:00,11743,WELLIT,146925,1,1,,,,,,2023-07-18 00:00:00+00:00,False
0201 G,13995,1,0.05,1393,621,SL-5,0,20,0,210,0,230,nan,1.0,30000,0,"RESY ohne Nr. Druckfarbe egal 
2 Stapel a 200 Stück = 400 Stück pro Palette
zu 20 Stück gebündelt! zusätzlichen Zettel mit Nr. 50 an einer Breitseite anbringen 
Vollflächig mit Pappe abdecke
                                                       ",2023-07-25 00:00:00+00:00,10003,AUSTERSCHMIDT,146937,1,1,,,,,,2023-07-19 00:00:00+00:00,False
0201 G,40515,0,NaN,617,259,SL-5,0,12,0,46,0,58,nan,1.0,6600,0,None,2023-07-24 00:00:00+00:00,11984,3 PACK,146941,1,1,,,,,,2023-07-18 00:00:00+00:00,True
0201/0203 T (S/T) man,39255,1,0.01,4128,547,SL-6,0,30,0,16,0,46,nan,1.0,240,0,"KL liegt in Kiste 19
Druckfarbe: schwarz
Triman Logo, Entsorgungshinweis  und PAP20",2023-07-25 00:00:00+00:00,15887,ARVATO SUPPLY 0896,146948,1,1,,,,,,2023-07-21 00:00:00+00:00,False
0200 T (S/T),29789,1,0.02,2088,831,SL-6,0,30,0,8,0,38,nan,1.0,100,0,Druckfarbe schwarz,2023-07-25 00:00:00+00:00,10911,STRUCK LEUCHTEN,146953,1,1,,,,,,2023-07-18 00:00:00+00:00,True
0201 G,12694,0,NaN,1161,458,SL-5,0,12,0,54,0,66,nan,1.0,7680,0,"RESY Nr. 0501 (4mm am SL5)
Druckfarbe egal
Auf genaue Verarbeitung achten!!
960 St / Pal. zu 20 Gebündelt!",2023-07-27 00:00:00+00:00,12341,SCHAEFER,146957,1,1,,,,,,2023-07-18 00:00:00+00:00,False
0203 G,25196,0,0.00,1868,1121,SL12,0,20,0,14,0,34,nan,1.0,1500,0,None,2023-07-24 00:00:00+00:00,10744,REMKO,146961,1,1,,,,,,2023-07-18 00:00:00+00:00,True
0201 G,28414,1,0.01,1961,762,SL12,0,26,0,14,0,40,nan,1.0,440,0,"Druckfarbe: Schwarz

NICHT Überliefern!",2023-07-24 00:00:00+00:00,15524,HOEPPE FEDERNWERK,146967,1,1,,,,,,2023-07-19 00:00:00+00:00,False
0201 G,19955,1,0.10,1568,812,SL12,0,30,0,23,0,53,nan,1.0,945,0,"Druckfarbe: schwarz

Klischee-Nr.: 885

Druck mittig auf beide Längsseiten",2023-07-26 00:00:00+00:00,13919,AD IDEEN,146972,1,1,,,,,,2023-07-19 00:00:00+00:00,True
0201 G,40531,1,0.01,2384,1176,SL12,0,30,0,9,0,39,nan,1.0,1100,0,"Druckfarbe schwarz

RESY 0528 und PAP 20 Zeichen Drucken wie in der Zeichnung angegeben.  
Palettenzettel vom Kunden verwenden!  ",2023-07-26 00:00:00+00:00,12439,FRIEDRICH,146988,1,1,,,,,,2023-07-20 00:00:00+00:00,False
0412 m.voll.Kl.,27477,0,NaN,2480,566,SL-4,0,20,0,58,0,78,nan,1.0,1600,0,None,2023-07-31 00:00:00+00:00,12302,LOGBOX,146774,1,1,,,,,,2023-07-20 00:00:00+00:00,False
0413 man,10318,1,0.10,2376,736,SL-4,0,40,0,114,0,154,nan,1.0,6350,0,"Klischee Nr.: 753 B
Rahmengröße: 147 x 80 mm
Der Druck muss oben liegen
Die DB Paletten dürfen nicht zusammengebunden sein!
Druckfarbe: schwarz ",2023-07-24 00:00:00+00:00,11523,PRUEM,146799,1,1,,,,,,2023-07-18 00:00:00+00:00,True
0201 G,28334,1,0.01,1317,422,SL-5,0,20,0,35,0,55,nan,1.0,5000,0,"RESY 10012  (4mm liegt bei SL 5)
Druckfarbe: Schwarz
Neutrale Palettenzettel verwenden",2023-07-24 00:00:00+00:00,11984,3 PACK,146820,1,1,,,,,,2023-07-19 00:00:00+00:00,True
0201 G,35727,1,0.01,1127,358,SL-5,0,20,0,39,0,59,nan,1.0,5600,0,"Druckfarbe: egal
",2023-07-24 00:00:00+00:00,14188,INAPA PACKAGING ,146836,1,1,,,,,,2023-07-17 00:00:00+00:00,True
0201 G,37649,0,NaN,1263,492,SL-5,0,12,0,26,0,38,nan,1.0,2400,0,"Pal.-Zettel von DS-Smith verwenden.
300 Stück pro Pal. (Kundenvorgabe)

Keine Unterlieferung / max. 10 % Überlieferung
Rohwarenunterl. OK",2023-07-27 00:00:00+00:00,12389,DS SMITH PADERBORN,146849,1,1,,,,,,2023-07-21 00:00:00+00:00,False
0201 H man,34591,0,NaN,2112,931,SL-6,0,25,0,100,0,125,nan,1.0,2000,0,"LOHNARBEIT das Material wird von Wellit angeliefert!
Druckfarbe schwarz
Voll-Werkzeug Nr. 2992 (SL6) 
Klischee Nr. 397A  (von Wellit angeliefert)",2023-07-26 00:00:00+00:00,11743,WELLIT,146852,1,1,,,,,,2023-07-18 00:00:00+00:00,False
0201 G,31746,1,0.10,2278,462,SL12,0,30,0,10,0,40,nan,1.0,1080,0,"Druckfarbe: Blau Pantone 7470 C   (braune AD)

Klischee-Nr.: 1323 A   (6 mm)
(am 17.10.2022 bei Weichert best.)

Druck mittig auf beide Längsseiten",2023-07-24 00:00:00+00:00,12311,EMPTMEYER,146857,1,1,,,,,,2023-07-18 00:00:00+00:00,True
0203 T (S/T),29938,0,NaN,2228,1521,Tape,0,15,0,34,0,49,nan,1.0,200,0,None,2023-07-24 00:00:00+00:00,10744,REMKO,146962,1,3,,,,,,2023-07-18 00:00:00+00:00,False
0201 G,35753,1,0.01,2686,896,SL12,0,30,0,30,0,60,nan,1.0,3750,0,"Resy-Zeichen 0528
Druckfarbe schwarz

150 Stück pro Palette",2023-07-31 00:00:00+00:00,15211,NORDSET,146860,1,1,,,,,,2023-07-20 00:00:00+00:00,False
0201/0203 G,40043,0,NaN,3088,522,SL-6,0,25,0,16,0,41,nan,1.0,500,0,None,2023-07-26 00:00:00+00:00,12635,LAUFER,146866,1,1,,,,,,2023-07-19 00:00:00+00:00,True
0421,21086,1,0.10,561,870,HA,0,10,0,24,0,34,2.0,1.0,1200,0,"Stanzwerkzeug-Nr. 1575 im AKR
Klischee-Nr.: 877 A 
Druckfarbe: Schwarz",2023-07-31 00:00:00+00:00,12272,MKS,146869,1,2,,,,,,2023-07-25 00:00:00+00:00,False
0201 G,36264,1,0.01,1713,496,SL-5,0,20,0,50,0,70,nan,1.0,6000,0,"Druckfarbe: egal
RESY Nr. 6226 verwenden (liegt in Kiste 6)
Palettenzettel vom Kunden verwenden!.
Zu 20 Stück bündeln!",2023-07-24 00:00:00+00:00,12357,NIEDERELZ,146875,1,1,,,,,,2023-07-17 00:00:00+00:00,False
0201 G,40149,0,NaN,2156,562,SL12,0,20,0,8,0,28,nan,1.0,1000,0,None,2023-07-31 00:00:00+00:00,12230,PACK U PAPIER,146879,1,1,,,,,,2023-07-25 00:00:00+00:00,False
0427,39460,2,0.25,1369,1207,SL-4,0,40,0,14,0,54,1.0,1.0,200,0,"Klischee-Nr. 991 C (SL 4 )
Druckfarbe: Schwarz und Blau HKS 44 für weiße Aussendecke
Werkzeug-Nr. 2205 hängt SL4 

Druckbildänderung: Recyclingsymbole bei Weichert bestellt, direkt von Bunkus, Montage bei uns!",2023-07-24 00:00:00+00:00,12938,BUNKUS,146923,1,1,,,,,,2023-07-18 00:00:00+00:00,False
0110 ST,20518,0,NaN,868,1276,SL-8,0,50,0,11,0,61,1.0,1.0,250,0,Stanzwerkzeug-Nr.: 1903 hängt am SL 8,2023-07-27 00:00:00+00:00,10304,SEDUS,146934,1,1,,,,,,2023-07-18 00:00:00+00:00,True
0203 G,40482,1,0.01,2396,372,SL-2,0,28,0,58,0,86,nan,1.0,3600,0,"Druckfarbe schwarz
Klischee Nr. 295A
Palettenzettel vom Kunden verwenden!

",2023-07-24 00:00:00+00:00,13895,INNOVATION PACKAGING,146939,1,1,,,,,,2023-07-18 00:00:00+00:00,False
0200 G,31102,1,0.01,2535,917,SL12,0,26,0,6,0,32,nan,1.0,200,0,"RESY10658 liegt in Kiste 5 (6mm)
Druckfarbe: Schwarz

Rohw. kommt erst am 20.07.23!
",2023-07-24 00:00:00+00:00,16079,APEL SPENGE,146951,1,1,,,,,,2023-07-20 00:00:00+00:00,False
0201 G,32953,1,0.01,1027,564,SL-5,0,20,0,15,0,35,nan,1.0,800,0,"Resy-Zeichen 0528 
Druckfarbe schwarz",2023-07-27 00:00:00+00:00,13226,MOHN MEDIA,146918,1,1,,,,,,2023-07-20 00:00:00+00:00,False
0203 G,27402,1,0.02,1882,1176,SL12,0,30,0,7,0,37,nan,1.0,200,0,"Nr. Druck K9570-0 auf eine Deckel-Innen-Klappe

Druckfarbe schwarz",2023-07-31 00:00:00+00:00,10911,STRUCK LEUCHTEN,146922,1,1,,,,,,2023-07-21 00:00:00+00:00,False
0201 G man,13347,1,0.05,1435,756,SL12,0,26,0,11,0,37,nan,1.0,1200,0,"Druckfarbe: schwarz
Nr.-Druck + Resy 0742 + Interseroh 20480 liegen in Kiste 10

280 Stück pro Pal. (2 Stapel)
Längs und quer umreifen
Auf neutrale Abdeckbogen achten

Meier-Palettenzettel an alle 4 Seiten anbringen",2023-07-25 00:00:00+00:00,11486,MEIER,146926,1,1,,,,,,2023-07-17 00:00:00+00:00,False
0201 G,38957,0,NaN,2272,679,SL12,0,20,0,10,0,30,nan,1.0,1200,0,None,2023-07-24 00:00:00+00:00,15587,WVG ALUTEC AROLSEN,146931,1,1,,,,,,2023-07-18 00:00:00+00:00,True
0110,13699,0,NaN,571,250,HA,0,1,0,14,0,15,nan,1.0,1450,0,None,2023-07-27 00:00:00+00:00,10304,SEDUS,146938,1,1,,,,,,2023-07-21 00:00:00+00:00,False
0201 G,40518,0,NaN,975,420,SL-5,0,12,0,13,0,25,nan,1.0,810,0,"
Keine Unterlieferung !
Max. Überlieferung 5 % !


Nicht früher liefern (wg. Betriebsurlaub) !",2023-07-31 00:00:00+00:00,15687,DISPLAY 2000,146950,1,1,,,,,,2023-07-25 00:00:00+00:00,False
0201 G,17530,1,0.01,783,302,SL-5,0,20,0,22,0,42,nan,1.0,2000,0,None,2023-07-24 00:00:00+00:00,10744,REMKO,146958,1,1,,,,,,2023-07-18 00:00:00+00:00,False
0203 T (S/T),29938,0,NaN,2228,1521,SL-8,0,40,0,30,0,70,nan,1.0,200,0,None,2023-07-24 00:00:00+00:00,10744,REMKO,146962,1,1,,,,,,2023-07-18 00:00:00+00:00,False
0201 G man,27250,1,0.10,1458,608,SL12,0,25,0,12,0,37,nan,1.0,1300,0,"Druckfarbe: schwarz

Klischee-Nr.: 885   (6 mm)
(am 15.03.2016 bei Weichert best.)

Druck mittig auf beide Längsseiten",2023-07-26 00:00:00+00:00,13919,AD IDEEN,146973,1,1,,,,,,2023-07-20 00:00:00+00:00,False
0110 ohne Handarbeit,33706,0,NaN,1010,2020,0,0,10,0,0,0,10,nan,1.0,2400,0,Müssen nicht umgepackt werden ,2023-07-26 00:00:00+00:00,13223,ISOTECH,146989,1,1,,,,,,2023-07-19 00:00:00+00:00,True
0201 G,38523,1,0.05,2386,886,SL12,0,30,0,9,0,39,nan,1.0,1080,0,"KL.-Nr. 506 
Druckfarbe: Weiß PMS 000C
",2023-07-24 00:00:00+00:00,16630,WEPA DEUTSCHLAND ,146994,1,1,,,,,,2023-07-18 00:00:00+00:00,True
0201 G,40536,1,0.03,775,417,SL-5,0,20,0,35,0,55,nan,1.0,5000,0,"zusammensetzen
Druckfarbe: schwarz",2023-07-24 00:00:00+00:00,16079,APEL SPENGE,147017,1,1,,,,,,2023-07-19 00:00:00+00:00,False
0201 G man,18081,1,0.05,2376,358,SL-2,0,28,0,14,0,42,nan,1.0,500,0,"Klischee-Nr. 1323  
Druckfarbe Schwarz


",2023-07-24 00:00:00+00:00,13385,MIELE,147019,1,1,,,,,,2023-07-19 00:00:00+00:00,False
0203 G,36768,0,NaN,1931,417,SL12,0,16,0,18,0,34,nan,1.0,800,0,None,2023-07-25 00:00:00+00:00,16091,BOLL UND KIRCH,147036,1,1,,,,,,2023-07-19 00:00:00+00:00,False
0201 G,21585,1,0.10,1408,752,SL12,0,30,0,12,0,42,nan,1.0,1300,0,"Druckfarbe: schwarz

Klischee-Nr.: 885

Druck mittig auf beide Längsseiten",2023-07-26 00:00:00+00:00,13919,AD IDEEN,146971,1,1,,,,,,2023-07-20 00:00:00+00:00,False
0201 G,40529,1,0.01,2384,1768,SL-6,0,30,0,73,0,103,nan,1.0,1100,0,"Druckfarbe schwarz

RESY 0528 und PAP 20 Zeichen Drucken wie in der Zeichnung angegeben.

Palettenzettel vom Kunden verwenden!  ",2023-07-26 00:00:00+00:00,12439,FRIEDRICH,146987,1,1,,,,,,2023-07-20 00:00:00+00:00,False
0201 G,38051,1,0.10,1336,748,SL12,0,30,0,9,0,39,nan,1.0,1080,0,"KL.-Nr. 1280A 
Druckfarbe: Weiß PMS 000C
",2023-07-24 00:00:00+00:00,16630,WEPA DEUTSCHLAND ,146992,1,1,,,,,,2023-07-19 00:00:00+00:00,False
0203 G man,15489,1,0.10,1848,945,SL12,0,30,0,8,0,38,nan,1.0,250,0,"Klischee-Nr.: 370 C
Druckfarbe: HKS 14

Resy-Zeichen: 0528",2023-07-25 00:00:00+00:00,10759,RUWAC,146996,1,1,,,,,,2023-07-19 00:00:00+00:00,False
0201 T (2) man,40480,1,0.05,713,1810,HA,0,10,0,804,0,814,nan,1.0,6700,0,"Druckfarbe: schwarz
Klischee-Nr.: 297
(am 14.07.2023 bei Weichert best.)

Werkzeug-Nr. für die Klappenriller: 1525 (schmaler Aufbau, liegt am SL 2)
Handgriff-AN-stanz. 30x90 mm radial (liegt auch am SL 2)

",2023-07-25 00:00:00+00:00,14509,CREODIS,147018,1,2,,,,,,2023-07-19 00:00:00+00:00,False
0201 G,12294,0,NaN,1413,542,SL-5,0,12,0,21,0,33,nan,1.0,1230,0,None,2023-07-27 00:00:00+00:00,10097,BUELLING,147033,1,1,,,,,,2023-07-21 00:00:00+00:00,False
0950 man,10832,0,NaN,850,600,RITZ,0,15,0,800,0,815,nan,2.0,16000,0,Längs und quer umreifen!,2023-07-27 00:00:00+00:00,11523,PRUEM,147042,1,1,,,,,,2023-07-21 00:00:00+00:00,False
0110 (WPA-Riller),40544,0,NaN,600,847,HA,0,1,0,8,0,9,nan,1.0,770,0,"Fertigware

Muß nicht umgepackt werden !

Keine Unterlieferung !
Max. Überlieferung 5 % !",2023-07-27 00:00:00+00:00,14509,CREODIS,147048,1,1,,,,,,2023-07-21 00:00:00+00:00,False
0201 G,40545,0,NaN,1163,412,SL-5,0,12,0,29,0,41,nan,1.0,1720,0,None,2023-07-24 00:00:00+00:00,14188,INAPA PACKAGING ,147052,1,1,,,,,,2023-07-20 00:00:00+00:00,False
0201 G,40548,0,NaN,1377,486,SL-5,0,12,0,140,0,152,nan,1.0,20000,0,None,2023-07-31 00:00:00+00:00,11984,3 PACK,147062,1,1,,,,,,2023-07-26 00:00:00+00:00,False
0203 G,29460,0,NaN,793,621,SL-5,0,14,0,13,0,27,nan,1.0,800,0,None,2023-07-26 00:00:00+00:00,15444,CAPILLA,147070,1,1,,,,,,2023-07-20 00:00:00+00:00,False
0201 G,39126,0,NaN,1269,472,SL-5,0,12,0,10,0,22,nan,1.0,540,0,None,2023-07-24 00:00:00+00:00,14188,INAPA PACKAGING ,147074,1,1,,,,,,2023-07-20 00:00:00+00:00,False
0201 G,39611,0,NaN,2448,712,SL12,0,20,0,10,0,30,nan,1.0,1000,0,Ohne Druck,2023-07-31 00:00:00+00:00,12893,SAUERLAND,147079,1,1,,,,,,2023-07-21 00:00:00+00:00,False
0200 G,40268,0,NaN,3970,537,SL-6,0,25,0,66,0,91,nan,1.0,2000,0,"Kundeneigene Palettenzettel verwenden!

Bitte zusammen mit AK 147089 fertigen !",2023-07-31 00:00:00+00:00,15558,DUTCHBOXX,147087,1,1,,,,,,2023-07-21 00:00:00+00:00,False
0201 G,38432,1,0.10,1850,877,SL12,0,30,0,19,0,49,nan,1.0,960,0,"KL.-Nr. 108A 
Druckfarbe: Weiß JS 05",2023-07-24 00:00:00+00:00,16630,WEPA DEUTSCHLAND ,146993,1,1,,,,,,2023-07-19 00:00:00+00:00,False
0412 man,34935,0,NaN,995,1579,SL-9,0,30,0,23,0,53,nan,1.0,420,0,"Seitenlaschen ungekürzt lassen!

Palettenhöhe max.: 970 mm inkl. Palette",2023-07-27 00:00:00+00:00,10304,SEDUS,147007,1,1,,,,,,2023-07-20 00:00:00+00:00,True
0412,40535,0,NaN,632,355,SL-4,0,20,0,52,0,72,nan,1.0,1450,0,None,2023-07-25 00:00:00+00:00,12833,BROELHORST,147016,1,1,,,,,,2023-07-19 00:00:00+00:00,True
0201 T (2) man,40480,1,0.05,713,1810,Tape,0,15,0,1146,0,1161,nan,1.0,6700,0,"Druckfarbe: schwarz
Klischee-Nr.: 297
(am 14.07.2023 bei Weichert best.)

Werkzeug-Nr. für die Klappenriller: 1525 (schmaler Aufbau, liegt am SL 2)
Handgriff-AN-stanz. 30x90 mm radial (liegt auch am SL 2)

",2023-07-25 00:00:00+00:00,14509,CREODIS,147018,1,3,,,,,,2023-07-19 00:00:00+00:00,False
0201 G,30111,2,0.15,1007,378,SL-5,0,36,0,105,0,141,nan,1.0,15000,0,"Druckfarben weiß (JS05) und braun (Pant. 4625 U)
Werkzeug Nr. 2615 
KLischee Nr. 782 ",2023-07-25 00:00:00+00:00,13895,INNOVATION PACKAGING,147021,1,1,,,,,,2023-07-19 00:00:00+00:00,False
0415,37158,0,NaN,874,906,SL10,0,35,0,25,0,60,1.0,1.0,825,0,"ohne Druck

Flachbettwerkzeug-Nr.: 2695
(am 17.05.2022 bei Heywinkel best.)",2023-07-31 00:00:00+00:00,16647,POS TUNING,147029,1,1,,,,,,2023-07-20 00:00:00+00:00,False
0409 H man,38078,1,0.10,2361,1861,SL-6,0,30,0,259,0,289,nan,1.0,2940,0,"KL-Nr.: 217B 
Druckfarbe: Schwarz
Mit Hand-Griff-AN-Stanzung 30x90, liegt an der Maschine",2023-07-26 00:00:00+00:00,16261,PRIWATT ,147049,1,1,,,,,,2023-07-21 00:00:00+00:00,False
0421,38930,0,NaN,2246,962,SL-4,0,30,0,25,0,55,1.0,1.0,500,0,WKZ.-Nr.: 3227 im AKR (SL 4),2023-07-31 00:00:00+00:00,16305,CONEN,147053,1,1,,,,,,2023-07-20 00:00:00+00:00,False
0201 G,30518,0,NaN,1387,383,SL-5,0,12,0,14,0,26,nan,1.0,1000,0,None,2023-07-27 00:00:00+00:00,13052,METALLSCHNEIDER,147063,1,1,,,,,,2023-07-21 00:00:00+00:00,False
0200 G,20852,1,0.01,3988,1136,SL-6,0,30,0,165,0,195,nan,1.0,5000,0,"Klischee-Nr.1052A
(v.Coswiger Wellp.07.07.16)
Druckfarbe: Schwarz
130 Stück pro DoppelPal. 
Neutrale Palettenzettel verwenden!
NICHT Unterliefern, max. 5% überliefern",2023-07-26 00:00:00+00:00,12764,COSWIGER WELLPAPPE,147071,1,1,,,,,,2023-07-20 00:00:00+00:00,False
0201 G,36207,0,NaN,2048,362,SL12,0,40,0,23,0,63,nan,1.0,2400,0,ohne RESY / ohne Druck,2023-07-31 00:00:00+00:00,12893,SAUERLAND,147080,1,1,,,,,,2023-07-21 00:00:00+00:00,False
0452,40269,0,NaN,1495,1097,SL-4,0,20,0,50,0,70,nan,1.0,2000,0,"Kundeneigene Palettenzettel verwenden

Bitte zusammen mit AK 147090 fertigen !",2023-07-31 00:00:00+00:00,15558,DUTCHBOXX,147088,1,1,,,,,,2023-07-21 00:00:00+00:00,False
0201 G,17832,1,0.05,923,287,SL-5,0,20,0,25,0,45,nan,1.0,1500,0,"Nr. Druck 18776 auf eine Deckelinnenklappe und Resy-Zeichen 0528 auf eine Breitseite, 
Druckfarbe schwarz",2023-07-31 00:00:00+00:00,10248,FORTMEIER,147076,1,1,,,,,,2023-07-25 00:00:00+00:00,False
0200 H man,32013,1,0.05,4005,1885,SL-6,0,65,0,280,0,345,nan,1.0,1000,0,"Druckfarbe: schwarz
Klischee-Nr.: 1180
oben und unten komplett mit Pappe abdecken !!
Resy Nr.: 0528",2023-07-31 00:00:00+00:00,14259,ROB LOGISTIK,147085,1,1,,,,,,2023-07-21 00:00:00+00:00,False
0200 G,40268,0,NaN,3970,537,SL-6,0,25,0,66,0,91,nan,1.0,2000,0,"Kundeneigene Palettenzettel verwenden!

Bitte zusammen mit AK 147087 fertigen !",2023-07-31 00:00:00+00:00,15558,DUTCHBOXX,147089,1,1,,,,,,2023-07-21 00:00:00+00:00,False
0200 G man,15681,1,0.03,2975,374,SL-2,0,40,0,72,0,112,nan,1.0,1600,0,"Mit 2 Anstanzungen 40 mm breit / 35 mm hoch in eine Längsseite
(Werkzeuge liegen beim SL 2 )

Druckfarbe: schwarz
Nr.-Druck  1030051   (liegt in Kiste 8)
Resy-Zeichen: 0528",2023-07-31 00:00:00+00:00,11861,FGI,147095,1,1,,,,,,2023-07-25 00:00:00+00:00,False
0201 GT,18038,0,0.00,1308,1282,SL-6,0,25,0,16,0,41,nan,1.0,500,0,None,2023-07-24 00:00:00+00:00,10744,REMKO,146959,1,1,,,,,,2023-07-18 00:00:00+00:00,True
0203 T (S/T),29938,0,NaN,2228,1521,HA,0,10,0,24,0,34,nan,1.0,200,0,None,2023-07-24 00:00:00+00:00,10744,REMKO,146962,1,2,,,,,,2023-07-18 00:00:00+00:00,False
0200 T,40523,1,0.01,1774,1675,SL-6,0,40,0,66,0,106,nan,1.0,1000,0,"Klischee: 840 C ( Englisch ) + Warndruck Klischee Kiste 19, Farbe:Schwarz  
TEIL-WKZ Nr. 2121
Tapeband m.Aufreissfaden verwenden!
Keine Unter-/Überlieferung, Stückzahlgenau!",2023-07-25 00:00:00+00:00,14398,HOLBOX,146970,1,1,,,,,,2023-07-17 00:00:00+00:00,True
0452,22948,0,NaN,1508,1112,SL-4,0,20,0,90,0,110,nan,1.0,5000,0,None,2023-07-27 00:00:00+00:00,13895,INNOVATION PACKAGING,146990,1,1,,,,,,2023-07-19 00:00:00+00:00,False
0201 G,40206,0,NaN,2788,1002,SL12,0,20,0,23,0,43,nan,1.0,2380,0,"
Stückzahlgenau liefern !!",2023-07-27 00:00:00+00:00,14892,GOLDSTEIN,146995,1,1,,,,,,2023-07-21 00:00:00+00:00,False
0200 G,40534,0,NaN,2868,1011,SL-2,0,18,0,13,0,31,nan,1.0,200,0,None,2023-07-27 00:00:00+00:00,14892,GOLDSTEIN,146998,1,1,,,,,,2023-07-21 00:00:00+00:00,False
0201 T (2) man,40480,1,0.05,713,1810,SL-4,0,45,0,268,0,313,nan,1.0,6700,0,"Druckfarbe: schwarz
Klischee-Nr.: 297
(am 14.07.2023 bei Weichert best.)

Werkzeug-Nr. für die Klappenriller: 1525 (schmaler Aufbau, liegt am SL 2)
Handgriff-AN-stanz. 30x90 mm radial (liegt auch am SL 2)

",2023-07-25 00:00:00+00:00,14509,CREODIS,147018,1,1,,,,,,2023-07-19 00:00:00+00:00,False
0201 G man,18081,1,0.05,2376,358,KR,0,10,0,30,0,40,nan,1.0,500,0,"Klischee-Nr. 1323  
Druckfarbe Schwarz


",2023-07-24 00:00:00+00:00,13385,MIELE,147019,1,2,,,,,,2023-07-19 00:00:00+00:00,False
0110 ST,40522,1,0.10,1917,986,SL-4,0,35,0,18,0,53,1.0,1.0,500,0,"Werkzeug-Nr.: 3334 (SL4)

Klischee-Nr.: 216 
Druckfarbe HKS 52 für weiße AD

nur eine DB-Pal unterlegen und ggfs. mit Holzlatten verlängern

KL + WKZ noch nicht im Haus",2023-07-31 00:00:00+00:00,10883,BETTE,147023,1,1,,,,,,2023-07-21 00:00:00+00:00,False
0413 man,10588,1,0.10,2501,1026,SL-4,0,25,0,28,0,53,nan,1.0,1550,0,"Teilwerkzeug Nr. 1449 (von Bergfeld 7.10.14) für SL 8
(aussermittig fahren)
Klischee-Nr.: 753 B
Rahmengröße: 147x80 mm
Der Druck muß oben liegen
Die DB-Pal. dürfen nicht zusammengebunden sein.
Druckfarbe: schwarz",2023-07-31 00:00:00+00:00,11523,PRUEM,147041,1,1,,,,,,2023-07-25 00:00:00+00:00,False
0110 (WPA-Riller),40543,0,NaN,1425,659,KR,0,10,0,22,0,32,nan,5.0,1540,0,"Über Kreisschere auftrennen !

Keine Unterlieferung !
Max. Überlieferung 5 % !",2023-07-27 00:00:00+00:00,14509,CREODIS,147047,1,1,,,,,,2023-07-21 00:00:00+00:00,False
0203 G,28903,0,NaN,793,521,SL-5,0,14,0,17,0,31,nan,1.0,1200,0,None,2023-07-26 00:00:00+00:00,15444,CAPILLA,147069,1,1,,,,,,2023-07-20 00:00:00+00:00,False
0201 G,33115,0,NaN,1671,362,SL-5,0,12,0,18,0,30,nan,1.0,2000,0,Ohne RESY / Ohne Druck,2023-07-31 00:00:00+00:00,12893,SAUERLAND,147078,1,1,,,,,,2023-07-24 00:00:00+00:00,False
0201 G,20029,1,0.05,1551,554,SL-5,0,20,0,22,0,42,nan,1.0,1600,0,"Druckfarbe schwarz
Klischee-Nr.: 96C
Max. 320 Stück pro Palette (Restpalette nicht 
überpacken!)
Klischee noch nicht im Haus ( LT 20.07.2023 )",2023-07-24 00:00:00+00:00,12230,PACK U PAPIER,147082,1,1,,,,,,2023-07-20 00:00:00+00:00,False
0452,40269,0,NaN,1495,1097,SL-4,0,20,0,50,0,70,nan,1.0,2000,0,"Kundeneigene Palettenzettel verwenden

Bitte zusammen mit AK 147088 fertigen !",2023-07-31 00:00:00+00:00,15558,DUTCHBOXX,147090,1,1,,,,,,2023-07-21 00:00:00+00:00,False
